Date,Player_Name,Target,Line,Odds_Over,Odds_Under,Pred_Mean,Pick,Pick_EV,Pick_Odds,FairOdds_Over,FairOdds_Under
2025-12-29,LaMelo Ball,PTS,20.5,1.77,1.98,45.2,OVER,0.157,1.77,1.89,2.12
2025-12-29,Myles Turner,PTS,11.5,1.96,1.78,-16.3,UNDER,0.255,1.78,2.1,1.91
2025-12-29,Collin Sexton,PTS,13.5,2.02,1.74,-26.2,UNDER,0.346,1.74,2.16,1.86
2025-12-29,Kyle Kuzma,PTS,11.5,2.0,1.76,4.2,SKIP,0.0,0.0,2.14,1.88
2025-12-29,Bobby Portis,PTS,11.5,1.78,1.96,-7.0,UNDER,0.255,1.96,1.91,2.1
2025-12-29,Giannis Antetokounmpo,PTS,26.5,1.82,1.93,130.7,OVER,0.677,1.82,1.94,2.06
2025-12-29,Kevin Porter Jr.,PTS,17.5,1.77,1.98,34.9,OVER,0.085,1.77,1.89,2.12
2025-12-29,Miles Bridges,PTS,19.5,1.94,1.8,40.4,OVER,0.232,1.94,2.08,1.93
2025-12-29,Ryan Rollins,PTS,14.5,1.88,1.88,12.2,SKIP,0.0,0.0,2.0,2.0
2025-12-29,Brandon Miller,PTS,19.5,1.8,1.94,31.8,SKIP,0.0,0.0,1.93,2.08
2025-12-29,Sion James,PTS,7.5,1.98,1.77,-44.5,UNDER,0.526,1.77,2.12,1.89
2025-12-29,Ryan Rollins,AST,4.5,1.8,1.94,15.9,OVER,0.257,1.8,1.93,2.08
2025-12-29,LaMelo Ball,AST,7.5,2.02,1.74,37.2,OVER,0.735,2.02,2.16,1.86
2025-12-29,Kevin Porter Jr.,AST,7.5,1.98,1.77,30.8,OVER,0.615,1.98,2.12,1.89
2025-12-29,Giannis Antetokounmpo,AST,6.5,2.16,1.65,26.3,OVER,0.735,2.16,2.31,1.76
2025-12-29,Brandon Miller,AST,2.5,1.56,2.34,2.3,UNDER,0.181,2.34,1.67,2.5
2025-12-29,Kyle Kuzma,AST,2.5,2.16,1.65,-9.9,UNDER,0.337,1.65,2.31,1.76
2025-12-29,Miles Bridges,AST,3.5,2.3,1.57,5.1,OVER,0.23,2.3,2.46,1.68
2025-12-29,LaMelo Ball,REB,4.5,1.62,2.22,-1.1,UNDER,0.342,2.22,1.73,2.37
2025-12-29,Ryan Rollins,REB,3.5,1.66,2.14,-6.9,UNDER,0.497,2.14,1.78,2.29
2025-12-29,Myles Turner,REB,4.5,1.68,2.1,-1.0,UNDER,0.254,2.1,1.8,2.25
2025-12-29,Giannis Antetokounmpo,REB,9.5,1.77,1.98,44.7,OVER,0.528,1.77,1.89,2.12
2025-12-29,Kevin Porter Jr.,REB,4.5,1.62,2.22,-1.6,UNDER,0.364,2.22,1.73,2.37
2025-12-29,Brandon Miller,REB,3.5,1.58,2.28,-11.3,UNDER,0.801,2.28,1.69,2.44
2025-12-29,Miles Bridges,REB,6.5,1.71,2.06,7.0,SKIP,0.0,0.0,1.83,2.2
2025-12-29,Kyle Kuzma,REB,3.5,1.58,2.28,-1.3,UNDER,0.34,2.28,1.69,2.44
2025-12-29,Bobby Portis,REB,6.5,2.16,1.65,9.0,OVER,0.169,2.16,2.31,1.76
2025-12-29,Sion James,REB,3.5,2.04,1.72,-19.4,UNDER,0.575,1.72,2.19,1.84
2025-12-29,Ryan Rollins,PTS+REB+AST,23.5,1.93,1.82,21.3,SKIP,0.0,0.0,2.06,1.94
2025-12-29,Miles Bridges,PTS+REB+AST,29.5,1.82,1.91,52.5,OVER,0.153,1.82,1.95,2.05
2025-12-29,LaMelo Ball,PTS+REB+AST,33.5,1.83,1.91,81.3,OVER,0.369,1.83,1.96,2.04
2025-12-29,Kevin Porter Jr.,PTS+REB+AST,30.5,1.82,1.91,64.1,OVER,0.249,1.82,1.95,2.05
2025-12-29,Giannis Antetokounmpo,PTS+REB+AST,43.5,1.94,1.8,201.7,OVER,0.883,1.94,2.08,1.93
2025-12-29,Kyle Kuzma,PTS+REB+AST,17.5,1.8,1.94,-7.0,UNDER,0.276,1.94,1.93,2.08
2025-12-29,Brandon Miller,PTS+REB+AST,27.5,1.91,1.83,22.8,SKIP,0.0,0.0,2.04,1.96
2025-12-29,LaMelo Ball,PTS+REB,26.5,1.94,1.82,44.0,OVER,0.174,1.94,2.07,1.94
2025-12-29,Bobby Portis,PTS+REB,18.5,1.94,1.8,2.0,UNDER,0.104,1.8,2.08,1.93
2025-12-29,Kyle Kuzma,PTS+REB,15.5,1.91,1.83,2.9,UNDER,0.07,1.83,2.04,1.96
2025-12-29,Brandon Miller,PTS+REB,23.5,1.77,1.98,20.5,SKIP,0.0,0.0,1.89,2.12
2025-12-29,Kevin Porter Jr.,PTS+REB,23.5,1.98,1.77,33.3,OVER,0.11,1.98,2.12,1.89
2025-12-29,Sion James,PTS+REB,10.5,1.82,1.93,-63.9,UNDER,0.794,1.93,1.94,2.06
2025-12-29,Giannis Antetokounmpo,PTS+REB,36.5,1.85,1.89,175.4,OVER,0.772,1.85,1.98,2.02
2025-12-29,Ryan Rollins,PTS+REB,18.5,1.89,1.85,5.3,UNDER,0.084,1.85,2.02,1.98
2025-12-29,Myles Turner,PTS+REB,16.5,1.93,1.82,-17.3,UNDER,0.322,1.82,2.06,1.94
2025-12-29,Miles Bridges,PTS+REB,26.5,1.88,1.88,47.4,OVER,0.177,1.88,2.0,2.0
2025-12-29,Giannis Antetokounmpo,PTS+AST,33.5,1.93,1.82,157.0,OVER,0.824,1.93,2.06,1.94
2025-12-29,Kevin Porter Jr.,PTS+AST,25.5,1.85,1.89,65.8,OVER,0.349,1.85,1.98,2.02
2025-12-29,Miles Bridges,PTS+AST,22.5,1.88,1.88,45.5,OVER,0.207,1.88,2.0,2.0
2025-12-29,Ryan Rollins,PTS+AST,19.5,1.91,1.83,28.2,OVER,0.062,1.91,2.04,1.96
2025-12-29,Kyle Kuzma,PTS+AST,13.5,1.85,1.89,-5.8,UNDER,0.197,1.89,1.98,2.02
2025-12-29,LaMelo Ball,PTS+AST,28.5,1.88,1.88,82.4,OVER,0.476,1.88,2.0,2.0
2025-12-29,Brandon Miller,PTS+AST,23.5,1.94,1.8,34.1,OVER,0.099,1.94,2.08,1.93
2025-12-29,Giannis Antetokounmpo,REB+AST,15.5,1.8,1.94,70.9,OVER,0.655,1.8,1.93,2.08
2025-12-29,Brandon Miller,REB+AST,7.5,2.14,1.66,-9.0,UNDER,0.229,1.66,2.29,1.78
2025-12-29,Ryan Rollins,REB+AST,8.5,1.83,1.91,9.1,SKIP,0.0,0.0,1.96,2.04
2025-12-29,Kyle Kuzma,REB+AST,6.5,1.89,1.85,-11.2,UNDER,0.396,1.85,2.02,1.98
2025-12-29,Kevin Porter Jr.,REB+AST,12.5,1.88,1.88,29.2,OVER,0.299,1.88,2.0,2.0
2025-12-29,Miles Bridges,REB+AST,10.5,2.04,1.72,12.1,OVER,0.064,2.04,2.19,1.84
2025-12-29,LaMelo Ball,REB+AST,12.5,1.94,1.8,36.1,OVER,0.456,1.94,2.08,1.93
2025-12-29,Alex Sarr,PTS,17.5,2.02,1.74,52.1,OVER,0.441,2.02,2.16,1.86
2025-12-29,Tre Johnson,PTS,12.5,1.85,1.89,-26.4,UNDER,0.454,1.89,1.98,2.02
2025-12-29,Jordan Goodwin,PTS,10.5,1.91,1.83,-34.2,UNDER,0.503,1.83,2.04,1.96
2025-12-29,Devin Booker,PTS,27.5,1.91,1.83,82.1,OVER,0.502,1.91,2.04,1.96
2025-12-29,Kyshawn George,PTS,14.5,2.0,1.76,17.4,SKIP,0.0,0.0,2.14,1.88
2025-12-29,Dillon Brooks,PTS,21.5,1.94,1.8,19.2,SKIP,0.0,0.0,2.08,1.93
2025-12-29,Bilal Coulibaly,PTS,11.5,1.98,1.77,-22.3,UNDER,0.33,1.77,2.12,1.89
2025-12-29,Collin Gillespie,PTS,17.5,1.98,1.77,-0.9,UNDER,0.117,1.77,2.12,1.89
2025-12-29,Marvin Bagley III,PTS,10.5,1.93,1.82,-35.7,UNDER,0.547,1.82,2.06,1.94
2025-12-29,Bilal Coulibaly,AST,2.5,1.74,2.02,-6.4,UNDER,0.448,2.02,1.86,2.16
2025-12-29,Alex Sarr,AST,2.5,2.22,1.62,-0.8,SKIP,0.0,0.0,2.37,1.73
2025-12-29,Devin Booker,AST,6.5,1.77,1.98,24.3,OVER,0.373,1.77,1.89,2.12
2025-12-29,Kyshawn George,AST,4.5,1.77,1.98,13.6,OVER,0.181,1.77,1.89,2.12
2025-12-29,Collin Gillespie,AST,6.5,2.0,1.76,12.9,OVER,0.234,2.0,2.14,1.88
2025-12-29,Jordan Goodwin,AST,2.5,1.93,1.82,-10.3,UNDER,0.483,1.82,2.06,1.94
2025-12-29,Alex Sarr,REB,7.5,1.69,2.08,25.1,OVER,0.245,1.69,1.81,2.23
2025-12-29,Tre Johnson,REB,3.5,2.28,1.58,-19.7,UNDER,0.473,1.58,2.44,1.69
2025-12-29,Devin Booker,REB,4.5,2.34,1.56,-8.6,UNDER,0.173,1.56,2.5,1.67
2025-12-29,Jordan Goodwin,REB,4.5,1.62,2.22,-14.4,UNDER,0.891,2.22,1.73,2.37
2025-12-29,Collin Gillespie,REB,4.5,1.88,1.88,-7.3,UNDER,0.365,1.88,2.0,2.0
2025-12-29,Kyshawn George,REB,5.5,2.18,1.63,8.4,OVER,0.197,2.18,2.34,1.75
2025-12-29,Bilal Coulibaly,REB,4.5,1.98,1.77,-2.8,UNDER,0.12,1.77,2.12,1.89
2025-12-29,Dillon Brooks,REB,3.5,1.8,1.94,-18.2,UNDER,0.768,1.94,1.93,2.08
2025-12-29,Marvin Bagley III,REB,5.5,1.69,2.08,8.2,SKIP,0.0,0.0,1.81,2.23
2025-12-29,Collin Gillespie,PTS+REB+AST,28.5,1.93,1.82,4.7,UNDER,0.182,1.82,2.06,1.94
2025-12-29,Devin Booker,PTS+REB+AST,38.5,1.89,1.85,97.8,OVER,0.483,1.89,2.02,1.98
2025-12-29,Alex Sarr,PTS+REB+AST,27.5,1.85,1.89,76.4,OVER,0.405,1.85,1.98,2.02
2025-12-29,Jordan Goodwin,PTS+REB+AST,18.5,1.89,1.85,-59.0,UNDER,0.712,1.85,2.02,1.98
2025-12-29,Kyshawn George,PTS+REB+AST,24.5,1.93,1.82,39.4,OVER,0.14,1.93,2.06,1.94
2025-12-29,Bilal Coulibaly,PTS+REB+AST,18.5,1.89,1.85,-31.6,UNDER,0.503,1.85,2.02,1.98
2025-12-29,Alex Sarr,PTS+REB,25.5,1.94,1.8,77.2,OVER,0.51,1.94,2.08,1.93
2025-12-29,Jordan Goodwin,PTS+REB,15.5,1.83,1.91,-48.6,UNDER,0.704,1.91,1.96,2.04
2025-12-29,Collin Gillespie,PTS+REB,21.5,1.85,1.89,-8.2,UNDER,0.313,1.89,1.98,2.02
2025-12-29,Kyshawn George,PTS+REB,19.5,1.93,1.82,25.8,SKIP,0.0,0.0,2.06,1.94
2025-12-29,Tre Johnson,PTS+REB,15.5,1.78,1.96,-46.1,UNDER,0.703,1.96,1.91,2.1
2025-12-29,Devin Booker,PTS+REB,31.5,1.88,1.88,73.5,OVER,0.357,1.88,2.0,2.0
2025-12-29,Marvin Bagley III,PTS+REB,16.5,1.88,1.88,-27.5,UNDER,0.511,1.88,2.0,2.0
2025-12-29,Alex Sarr,PTS+AST,19.5,1.93,1.82,51.3,OVER,0.335,1.93,2.06,1.94
2025-12-29,Jordan Goodwin,PTS+AST,13.5,1.98,1.77,-44.5,UNDER,0.548,1.77,2.12,1.89
2025-12-29,Collin Gillespie,PTS+AST,23.5,1.85,1.89,12.0,UNDER,0.091,1.89,1.98,2.02
2025-12-29,Kyshawn George,PTS+AST,18.5,1.78,1.96,31.0,SKIP,0.0,0.0,1.91,2.1
2025-12-29,Devin Booker,PTS+AST,34.5,1.91,1.83,106.4,OVER,0.602,1.91,2.04,1.96
2025-12-29,Bilal Coulibaly,PTS+AST,13.5,1.76,2.0,-28.7,UNDER,0.582,2.0,1.88,2.14
2025-12-29,Jordan Goodwin,REB+AST,7.5,1.78,1.96,-24.8,UNDER,0.801,1.96,1.91,2.1
2025-12-29,Collin Gillespie,REB+AST,11.5,2.08,1.69,5.5,SKIP,0.0,0.0,2.23,1.81
2025-12-29,Devin Booker,REB+AST,10.5,1.76,2.0,15.7,SKIP,0.0,0.0,1.88,2.14
2025-12-29,Alex Sarr,REB+AST,10.5,1.93,1.82,24.3,OVER,0.285,1.93,2.06,1.94
2025-12-29,Day'Ron Sharpe,PTS,6.5,1.88,1.88,-42.4,UNDER,0.642,1.88,2.0,2.0
2025-12-29,Noah Clowney,PTS,13.5,1.88,1.88,1.9,UNDER,0.095,1.88,2.0,2.0
2025-12-29,Stephen Curry,PTS,27.5,1.78,1.96,98.9,OVER,0.497,1.78,1.91,2.1
2025-12-29,Terance Mann,PTS,6.5,1.82,1.93,-38.5,UNDER,0.614,1.93,1.94,2.06
2025-12-29,Cam Thomas,PTS,16.5,1.96,1.78,41.2,OVER,0.271,1.96,2.1,1.91
2025-12-29,Stephen Curry,AST,4.5,2.14,1.66,13.0,OVER,0.42,2.14,2.29,1.78
2025-12-29,Terance Mann,AST,3.5,2.16,1.65,1.1,SKIP,0.0,0.0,2.31,1.76
2025-12-29,Noah Clowney,REB,4.5,2.2,1.62,-9.1,UNDER,0.232,1.62,2.36,1.74
2025-12-29,Stephen Curry,REB,4.5,2.22,1.62,-8.9,UNDER,0.231,1.62,2.37,1.73
2025-12-29,Terance Mann,REB,3.5,1.76,2.0,-8.2,UNDER,0.436,2.0,1.88,2.14
2025-12-29,Day'Ron Sharpe,REB,5.5,1.94,1.8,8.2,OVER,0.052,1.94,2.08,1.93
2025-12-29,Stephen Curry,PTS+REB+AST,36.5,1.85,1.89,103.0,OVER,0.494,1.85,1.98,2.02
2025-12-29,Terance Mann,PTS+REB+AST,13.5,1.76,2.0,-45.6,UNDER,0.731,2.0,1.88,2.14
2025-12-29,Stephen Curry,PTS+REB,32.5,1.89,1.85,90.0,OVER,0.477,1.89,2.02,1.98
2025-12-29,Terance Mann,PTS+REB,10.5,1.88,1.88,-46.8,UNDER,0.641,1.88,2.0,2.0
2025-12-29,Noah Clowney,PTS+REB,17.5,1.77,1.98,-7.2,UNDER,0.311,1.98,1.89,2.12
2025-12-29,Day'Ron Sharpe,PTS+REB,12.5,1.94,1.8,-34.2,UNDER,0.485,1.8,2.08,1.93
2025-12-29,Stephen Curry,PTS+AST,32.5,1.88,1.85,111.9,OVER,0.612,1.88,2.02,1.98
2025-12-29,Terance Mann,PTS+AST,10.5,2.02,1.74,-37.4,UNDER,0.45,1.74,2.16,1.86
2025-12-29,Stephen Curry,REB+AST,8.5,1.91,1.83,4.1,SKIP,0.0,0.0,2.04,1.96
2025-12-29,Terance Mann,REB+AST,7.5,2.16,1.65,-7.1,UNDER,0.16,1.65,2.31,1.76
2025-12-29,Bruce Brown,PTS,8.5,1.82,1.93,-28.8,UNDER,0.513,1.93,1.94,2.06
2025-12-29,Davion Mitchell,PTS,8.5,1.76,2.0,-18.7,UNDER,0.404,2.0,1.88,2.14
2025-12-29,Peyton Watson,PTS,12.5,1.78,1.96,-14.7,UNDER,0.374,1.96,1.91,2.1
2025-12-29,Norman Powell,PTS,23.5,1.78,1.96,59.3,OVER,0.265,1.78,1.91,2.1
2025-12-29,Jamal Murray,PTS,25.5,1.78,1.96,86.2,OVER,0.44,1.78,1.91,2.1
2025-12-29,Andrew Wiggins,PTS,15.5,1.85,1.89,10.0,SKIP,0.0,0.0,1.98,2.02
2025-12-29,Bam Adebayo,PTS,16.5,1.91,1.83,31.5,OVER,0.153,1.91,2.04,1.96
2025-12-29,Pelle Larsson,PTS,9.5,1.88,1.88,-37.0,UNDER,0.563,1.88,2.0,2.0
2025-12-29,Kel'el Ware,PTS,13.5,1.83,1.91,1.9,UNDER,0.129,1.91,1.96,2.04
2025-12-29,Davion Mitchell,AST,7.5,2.04,1.72,31.8,OVER,0.65,2.04,2.19,1.84
2025-12-29,Jamal Murray,AST,7.5,2.16,1.65,26.5,OVER,0.697,2.16,2.31,1.76
2025-12-29,Norman Powell,AST,2.5,1.68,2.12,-0.2,UNDER,0.195,2.12,1.79,2.26
2025-12-29,Jamal Murray,REB,4.5,2.22,1.62,-8.0,UNDER,0.199,1.62,2.37,1.73
2025-12-29,Bruce Brown,REB,4.5,1.83,1.91,1.2,UNDER,0.062,1.91,1.96,2.04
2025-12-29,Norman Powell,REB,3.5,2.0,1.76,-8.5,UNDER,0.291,1.76,2.14,1.88
2025-12-29,Kel'el Ware,REB,10.5,1.94,1.8,45.8,OVER,0.643,1.94,2.08,1.93
2025-12-29,Bam Adebayo,REB,8.5,1.71,2.06,36.6,OVER,0.403,1.71,1.83,2.2
2025-12-29,Andrew Wiggins,REB,4.5,1.98,1.77,-3.2,UNDER,0.141,1.77,2.12,1.89
2025-12-29,Peyton Watson,REB,5.5,1.94,1.8,1.7,SKIP,0.0,0.0,2.08,1.93
2025-12-29,Pelle Larsson,REB,2.5,1.63,2.18,-19.6,UNDER,1.0,2.18,1.75,2.34
2025-12-29,Davion Mitchell,PTS+REB+AST,18.5,1.8,1.94,-4.2,UNDER,0.253,1.94,1.93,2.08
2025-12-29,Norman Powell,PTS+REB+AST,30.5,1.88,1.88,50.7,OVER,0.155,1.88,2.0,2.0
2025-12-29,Bam Adebayo,PTS+REB+AST,28.5,1.93,1.82,61.1,OVER,0.33,1.93,2.06,1.94
2025-12-29,Andrew Wiggins,PTS+REB+AST,23.5,1.98,1.77,1.0,UNDER,0.137,1.77,2.12,1.89
2025-12-29,Bruce Brown,PTS+REB+AST,15.5,1.77,1.98,-41.0,UNDER,0.684,1.98,1.89,2.12
2025-12-29,Jamal Murray,PTS+REB+AST,37.5,1.88,1.88,104.7,OVER,0.526,1.88,2.0,2.0
2025-12-29,Peyton Watson,PTS+REB,18.5,1.88,1.88,-13.0,UNDER,0.337,1.88,2.0,2.0
2025-12-29,Andrew Wiggins,PTS+REB,20.5,1.94,1.8,6.8,UNDER,0.063,1.8,2.08,1.93
2025-12-29,Bam Adebayo,PTS+REB,25.5,1.85,1.89,68.0,OVER,0.378,1.85,1.98,2.02
2025-12-29,Norman Powell,PTS+REB,27.5,1.88,1.88,50.9,OVER,0.195,1.88,2.0,2.0
2025-12-29,Bruce Brown,PTS+REB,13.5,1.88,1.88,-27.6,UNDER,0.469,1.88,2.0,2.0
2025-12-29,Davion Mitchell,PTS+REB,11.5,1.96,1.78,-36.0,UNDER,0.443,1.78,2.1,1.91
2025-12-29,Pelle Larsson,PTS+REB,12.5,1.88,1.88,-56.6,UNDER,0.715,1.88,2.0,2.0
2025-12-29,Kel'el Ware,PTS+REB,24.5,1.93,1.82,47.7,OVER,0.251,1.93,2.06,1.94
2025-12-29,Jamal Murray,PTS+REB,30.5,1.93,1.82,78.1,OVER,0.439,1.93,2.06,1.94
2025-12-29,Norman Powell,PTS+AST,26.5,1.78,1.96,59.1,OVER,0.224,1.78,1.91,2.1
2025-12-29,Bam Adebayo,PTS+AST,18.5,1.77,1.98,24.5,SKIP,0.0,0.0,1.89,2.12
2025-12-29,Andrew Wiggins,PTS+AST,18.5,1.88,1.88,4.2,UNDER,0.122,1.88,2.0,2.0
2025-12-29,Bruce Brown,PTS+AST,11.5,1.98,1.77,-42.2,UNDER,0.527,1.77,2.12,1.89
2025-12-29,Davion Mitchell,PTS+AST,16.5,1.91,1.83,13.1,SKIP,0.0,0.0,2.04,1.96
2025-12-29,Jamal Murray,PTS+AST,33.5,1.89,1.85,112.7,OVER,0.624,1.89,2.02,1.98
2025-12-29,Andrew Wiggins,REB+AST,7.5,2.06,1.71,-9.0,UNDER,0.261,1.71,2.2,1.83
2025-12-29,Bam Adebayo,REB+AST,11.5,1.8,1.94,29.7,OVER,0.267,1.8,1.93,2.08
2025-12-29,Jamal Murray,REB+AST,11.5,1.96,1.78,18.5,OVER,0.156,1.96,2.1,1.91
2025-12-29,Norman Powell,REB+AST,6.5,2.02,1.74,-8.7,UNDER,0.26,1.74,2.16,1.86
2025-12-29,Ja'Kobe Walter,PTS,5.5,1.88,1.88,-46.9,UNDER,0.629,1.88,2.0,2.0
2025-12-29,Ochai Agbaji,PTS,6.5,1.82,1.93,-59.0,UNDER,0.812,1.93,1.94,2.06
2025-12-29,Anthony Black,PTS,18.5,1.83,1.91,26.4,SKIP,0.0,0.0,1.96,2.04
2025-12-29,Sandro Mamukelashvili,PTS,12.5,1.98,1.77,-36.7,UNDER,0.508,1.77,2.12,1.89
2025-12-29,Brandon Ingram,PTS,24.5,1.96,1.78,73.6,OVER,0.51,1.96,2.1,1.91
2025-12-29,Tyus Jones,PTS,4.5,1.72,2.04,-53.8,UNDER,0.831,2.04,1.84,2.19
2025-12-29,Desmond Bane,PTS,21.5,1.88,1.88,49.0,OVER,0.258,1.88,2.0,2.0
2025-12-29,Immanuel Quickley,PTS,16.5,1.98,1.77,31.6,OVER,0.185,1.98,2.12,1.89
2025-12-29,Scottie Barnes,PTS,18.5,1.94,1.8,42.5,OVER,0.275,1.94,2.08,1.93
2025-12-29,Paolo Banchero,PTS,22.5,1.83,1.91,54.0,OVER,0.271,1.83,1.96,2.04
2025-12-29,Jamal Shead,PTS,5.5,1.76,2.0,-43.9,UNDER,0.707,2.0,1.88,2.14
2025-12-29,Tristan da Silva,PTS,8.5,1.77,1.98,-14.6,UNDER,0.327,1.98,1.89,2.12
2025-12-29,Desmond Bane,AST,4.5,2.02,1.74,9.9,OVER,0.229,2.02,2.16,1.86
2025-12-29,Scottie Barnes,AST,4.5,1.66,2.16,16.5,OVER,0.185,1.66,1.77,2.3
2025-12-29,Jamal Shead,AST,4.5,1.88,1.88,17.0,OVER,0.316,1.88,2.0,2.0
2025-12-29,Tyus Jones,AST,3.5,1.72,2.04,3.9,SKIP,0.0,0.0,1.84,2.19
2025-12-29,Brandon Ingram,AST,3.5,1.69,2.08,9.3,SKIP,0.0,0.0,1.81,2.23
2025-12-29,Immanuel Quickley,AST,5.5,1.65,2.16,25.3,OVER,0.304,1.65,1.76,2.31
2025-12-29,Paolo Banchero,AST,4.5,1.62,2.22,11.7,SKIP,0.0,0.0,1.73,2.37
2025-12-29,Anthony Black,AST,4.5,2.14,1.66,7.0,OVER,0.181,2.14,2.29,1.78
2025-12-29,Immanuel Quickley,REB,3.5,1.76,2.0,-10.0,UNDER,0.524,2.0,1.88,2.14
2025-12-29,Ochai Agbaji,REB,3.5,2.28,1.58,-9.3,UNDER,0.144,1.58,2.44,1.69
2025-12-29,Paolo Banchero,REB,7.5,1.82,1.93,21.9,OVER,0.281,1.82,1.94,2.06
2025-12-29,Scottie Barnes,REB,9.5,1.8,1.94,36.6,OVER,0.463,1.8,1.93,2.08
2025-12-29,Desmond Bane,REB,4.5,2.14,1.66,-6.3,UNDER,0.171,1.66,2.29,1.78
2025-12-29,Sandro Mamukelashvili,REB,6.5,1.68,2.1,-7.2,UNDER,0.562,2.1,1.8,2.25
2025-12-29,Tristan da Silva,REB,3.5,1.91,1.83,-2.0,UNDER,0.095,1.83,2.04,1.96
2025-12-29,Brandon Ingram,REB,5.5,1.85,1.89,-1.7,UNDER,0.195,1.89,1.98,2.02
2025-12-29,Anthony Black,REB,4.5,1.88,1.88,-6.0,UNDER,0.314,1.88,2.0,2.0
2025-12-29,Brandon Ingram,PTS+REB+AST,33.5,1.83,1.91,81.1,OVER,0.363,1.83,1.96,2.04
2025-12-29,Anthony Black,PTS+REB+AST,27.5,1.82,1.93,27.4,SKIP,0.0,0.0,1.94,2.06
2025-12-29,Desmond Bane,PTS+REB+AST,30.5,1.93,1.82,52.6,OVER,0.208,1.93,2.06,1.94
2025-12-29,Immanuel Quickley,PTS+REB+AST,26.5,1.94,1.8,46.9,OVER,0.198,1.94,2.08,1.93
2025-12-29,Scottie Barnes,PTS+REB+AST,32.5,1.8,1.94,95.6,OVER,0.47,1.8,1.93,2.08
2025-12-29,Paolo Banchero,PTS+REB+AST,35.5,1.82,1.93,87.7,OVER,0.402,1.82,1.94,2.06
2025-12-29,Sandro Mamukelashvili,PTS+REB,19.5,1.89,1.85,-44.0,UNDER,0.647,1.85,2.02,1.98
2025-12-29,Tristan da Silva,PTS+REB,12.5,1.88,1.88,-16.5,UNDER,0.307,1.88,2.0,2.0
2025-12-29,Desmond Bane,PTS+REB,25.5,1.8,1.94,42.6,OVER,0.084,1.8,1.93,2.08
2025-12-29,Ochai Agbaji,PTS+REB,9.5,1.74,2.02,-68.3,UNDER,0.917,2.02,1.86,2.16
2025-12-29,Anthony Black,PTS+REB,23.5,1.89,1.85,20.4,SKIP,0.0,0.0,2.02,1.98
2025-12-29,Brandon Ingram,PTS+REB,29.5,1.82,1.93,71.9,OVER,0.326,1.82,1.94,2.06
2025-12-29,Immanuel Quickley,PTS+REB,19.5,1.77,1.98,21.6,SKIP,0.0,0.0,1.89,2.12
2025-12-29,Scottie Barnes,PTS+REB,27.5,1.8,1.94,79.1,OVER,0.405,1.8,1.93,2.08
2025-12-29,Paolo Banchero,PTS+REB,30.5,1.85,1.89,75.9,OVER,0.386,1.85,1.98,2.02
2025-12-29,Jamal Shead,PTS+AST,10.5,1.78,1.96,-26.9,UNDER,0.492,1.96,1.91,2.1
2025-12-29,Desmond Bane,PTS+AST,25.5,1.8,1.94,58.9,OVER,0.249,1.8,1.93,2.08
2025-12-29,Anthony Black,PTS+AST,23.5,1.98,1.77,33.4,OVER,0.115,1.98,2.12,1.89
2025-12-29,Brandon Ingram,PTS+AST,27.5,1.77,1.98,82.8,OVER,0.396,1.77,1.89,2.12
2025-12-29,Tyus Jones,PTS+AST,8.5,1.78,1.96,-49.9,UNDER,0.722,1.96,1.91,2.1
2025-12-29,Paolo Banchero,PTS+AST,27.5,1.78,1.96,65.8,OVER,0.284,1.78,1.91,2.1
2025-12-29,Scottie Barnes,PTS+AST,23.5,1.94,1.8,59.0,OVER,0.384,1.94,2.08,1.93
2025-12-29,Immanuel Quickley,PTS+AST,22.5,1.93,1.82,56.9,OVER,0.352,1.93,2.06,1.94
2025-12-29,Immanuel Quickley,REB+AST,9.5,1.77,1.98,15.3,SKIP,0.0,0.0,1.89,2.12
2025-12-29,Paolo Banchero,REB+AST,12.5,1.77,1.98,33.6,OVER,0.303,1.77,1.89,2.12
2025-12-29,Desmond Bane,REB+AST,8.5,1.78,1.96,3.6,UNDER,0.116,1.96,1.91,2.1
2025-12-29,Anthony Black,REB+AST,8.5,1.71,2.06,1.0,UNDER,0.249,2.06,1.83,2.2
2025-12-29,Brandon Ingram,REB+AST,9.5,1.88,1.88,7.6,SKIP,0.0,0.0,2.0,2.0
2025-12-29,Scottie Barnes,REB+AST,14.5,1.88,1.88,53.1,OVER,0.599,1.88,2.0,2.0
2025-12-29,Chet Holmgren,PTS,18.5,1.82,1.93,33.1,OVER,0.09,1.82,1.94,2.06
2025-12-29,Shai Gilgeous-Alexander,PTS,30.5,1.8,1.94,111.0,OVER,0.556,1.8,1.93,2.08
2025-12-29,Jalen Williams,PTS,18.5,1.83,1.91,17.9,SKIP,0.0,0.0,1.96,2.04
2025-12-29,Jalen Williams,AST,5.5,2.24,1.6,12.5,OVER,0.413,2.24,2.4,1.71
2025-12-29,Shai Gilgeous-Alexander,AST,6.5,1.91,1.83,22.4,OVER,0.453,1.91,2.04,1.96
2025-12-29,Chet Holmgren,AST,1.5,1.89,1.85,-12.1,UNDER,0.601,1.85,2.02,1.98
2025-12-29,Chet Holmgren,REB,8.5,1.74,2.02,23.7,OVER,0.23,1.74,1.86,2.16
2025-12-29,Shai Gilgeous-Alexander,REB,4.5,1.66,2.14,-4.9,UNDER,0.449,2.14,1.78,2.29
2025-12-29,Jalen Williams,REB,5.5,2.18,1.63,-8.0,UNDER,0.231,1.63,2.34,1.75
2025-12-29,Chet Holmgren,PTS+REB+AST,29.5,1.88,1.88,44.7,OVER,0.112,1.88,2.0,2.0
2025-12-29,Shai Gilgeous-Alexander,PTS+REB+AST,42.5,1.85,1.89,128.6,OVER,0.594,1.85,1.98,2.02
2025-12-29,Jalen Williams,PTS+REB+AST,29.5,1.94,1.82,22.4,SKIP,0.0,0.0,2.07,1.94
2025-12-29,Shai Gilgeous-Alexander,PTS+REB,35.5,1.8,1.94,106.1,OVER,0.483,1.8,1.93,2.08
2025-12-29,Chet Holmgren,PTS+REB,27.5,1.82,1.94,56.8,OVER,0.229,1.82,1.94,2.07
2025-12-29,Jalen Williams,PTS+REB,23.5,1.78,1.96,9.9,UNDER,0.152,1.96,1.91,2.1
2025-12-29,Chet Holmgren,PTS+AST,20.5,1.89,1.85,21.0,SKIP,0.0,0.0,2.02,1.98
2025-12-29,Jalen Williams,PTS+AST,23.5,1.77,1.98,30.4,SKIP,0.0,0.0,1.89,2.12
2025-12-29,Shai Gilgeous-Alexander,PTS+AST,37.5,1.85,1.89,133.4,OVER,0.656,1.85,1.98,2.02
2025-12-29,Chet Holmgren,REB+AST,10.5,1.8,1.94,11.6,SKIP,0.0,0.0,1.93,2.08
2025-12-29,Shai Gilgeous-Alexander,REB+AST,11.5,1.88,1.88,17.6,OVER,0.089,1.88,2.0,2.0
2025-12-29,Jalen Williams,REB+AST,10.5,1.96,1.78,4.5,SKIP,0.0,0.0,2.1,1.91
2025-12-29,Ayo Dosunmu,PTS,8.5,1.8,1.94,-22.8,UNDER,0.399,1.94,1.93,2.08
2025-12-29,Julius Randle,PTS,21.5,1.96,1.78,55.7,OVER,0.384,1.96,2.1,1.91
2025-12-29,Isaac Okoro,PTS,5.5,1.74,2.02,-41.3,UNDER,0.671,2.02,1.86,2.16
2025-12-29,Kevin Huerter,PTS,9.5,2.02,1.74,-20.9,UNDER,0.248,1.74,2.16,1.86
2025-12-29,Donte DiVincenzo,PTS,13.5,1.98,1.77,-8.2,UNDER,0.165,1.77,2.12,1.89
2025-12-29,Naz Reid,PTS,13.5,1.96,1.78,6.7,SKIP,0.0,0.0,2.1,1.91
2025-12-29,Jalen Smith,PTS,8.5,1.96,1.78,-35.4,UNDER,0.472,1.78,2.1,1.91
2025-12-29,Rudy Gobert,PTS,11.5,1.89,1.85,11.5,SKIP,0.0,0.0,2.02,1.98
2025-12-29,Anthony Edwards,PTS,30.5,1.91,1.83,102.6,OVER,0.614,1.91,2.04,1.96
2025-12-29,Coby White,PTS,18.5,1.78,1.96,36.8,OVER,0.096,1.78,1.91,2.1
2025-12-29,Matas Buzelis,PTS,11.5,2.04,1.72,-13.5,UNDER,0.178,1.72,2.19,1.84
2025-12-29,Tre Jones,PTS,8.5,1.76,2.0,-28.0,UNDER,0.53,2.0,1.88,2.14
2025-12-29,Josh Giddey,PTS,17.5,1.8,1.94,43.1,OVER,0.198,1.8,1.93,2.08
2025-12-29,Jaden McDaniels,PTS,14.5,1.98,1.77,12.0,SKIP,0.0,0.0,2.12,1.89
2025-12-29,Josh Giddey,AST,8.5,1.98,1.77,47.5,OVER,0.782,1.98,2.12,1.89
2025-12-29,Tre Jones,AST,4.5,2.12,1.68,10.8,OVER,0.304,2.12,2.26,1.79
2025-12-29,Coby White,AST,3.5,1.83,1.91,12.1,OVER,0.211,1.83,1.96,2.04
2025-12-29,Julius Randle,AST,5.5,1.94,1.8,18.0,OVER,0.393,1.94,2.08,1.93
2025-12-29,Naz Reid,AST,2.5,2.16,1.65,-7.4,UNDER,0.231,1.65,2.31,1.76
2025-12-29,Anthony Edwards,AST,4.5,2.34,1.56,9.6,OVER,0.414,2.34,2.5,1.67
2025-12-29,Jaden McDaniels,AST,2.5,2.4,1.53,-3.1,SKIP,0.0,0.0,2.57,1.64
2025-12-29,Donte DiVincenzo,AST,4.5,1.98,1.77,4.8,SKIP,0.0,0.0,2.12,1.89
2025-12-29,Jalen Smith,REB,5.5,1.88,1.88,0.8,UNDER,0.088,1.88,2.0,2.0
2025-12-29,Matas Buzelis,REB,4.5,2.34,1.56,-0.6,SKIP,0.0,0.0,2.5,1.67
2025-12-29,Tre Jones,REB,2.5,2.58,1.47,-19.2,UNDER,0.344,1.47,2.76,1.57
2025-12-29,Coby White,REB,2.5,1.57,2.28,-15.2,UNDER,0.941,2.28,1.69,2.45
2025-12-29,Julius Randle,REB,6.5,1.85,1.89,9.0,SKIP,0.0,0.0,1.98,2.02
2025-12-29,Isaac Okoro,REB,2.5,2.38,1.54,-22.2,UNDER,0.461,1.54,2.55,1.65
2025-12-29,Rudy Gobert,REB,11.5,1.98,1.77,61.1,OVER,0.796,1.98,2.12,1.89
2025-12-29,Josh Giddey,REB,8.5,2.08,1.69,33.1,OVER,0.657,2.08,2.23,1.81
2025-12-29,Jaden McDaniels,REB,4.5,2.12,1.68,-5.3,UNDER,0.151,1.68,2.26,1.79
2025-12-29,Anthony Edwards,REB,5.5,1.91,1.83,-1.6,UNDER,0.153,1.83,2.04,1.96
2025-12-29,Donte DiVincenzo,REB,4.5,2.02,1.74,-8.0,UNDER,0.285,1.74,2.16,1.86
2025-12-29,Naz Reid,REB,5.5,1.63,2.18,5.0,UNDER,0.11,2.18,1.75,2.34
2025-12-29,Isaac Okoro,PTS+REB+AST,9.5,1.76,2.0,-77.5,UNDER,0.897,2.0,1.88,2.14
2025-12-29,Josh Giddey,PTS+REB+AST,34.5,1.8,1.94,123.6,OVER,0.599,1.8,1.93,2.08
2025-12-29,Jaden McDaniels,PTS+REB+AST,20.5,1.82,1.94,3.5,UNDER,0.179,1.94,1.94,2.07
2025-12-29,Naz Reid,PTS+REB+AST,21.5,1.78,1.96,4.3,UNDER,0.197,1.96,1.91,2.1
2025-12-29,Tre Jones,PTS+REB+AST,15.5,1.85,1.89,-36.4,UNDER,0.546,1.89,1.98,2.02
2025-12-29,Coby White,PTS+REB+AST,25.5,1.8,1.94,33.7,SKIP,0.0,0.0,1.93,2.08
2025-12-29,Donte DiVincenzo,PTS+REB+AST,22.5,1.91,1.82,-11.5,UNDER,0.3,1.82,2.05,1.95
2025-12-29,Anthony Edwards,PTS+REB+AST,40.5,1.93,1.82,110.6,OVER,0.583,1.93,2.06,1.94
2025-12-29,Julius Randle,PTS+REB+AST,33.5,1.88,1.88,82.8,OVER,0.422,1.88,2.0,2.0
2025-12-29,Coby White,PTS+REB,22.5,1.98,1.77,21.6,SKIP,0.0,0.0,2.12,1.89
2025-12-29,Tre Jones,PTS+REB,11.5,2.0,1.76,-47.2,UNDER,0.525,1.76,2.14,1.88
2025-12-29,Julius Randle,PTS+REB,27.5,1.78,1.96,64.7,OVER,0.263,1.78,1.91,2.1
2025-12-29,Anthony Edwards,PTS+REB,35.5,1.78,1.96,101.0,OVER,0.445,1.78,1.91,2.1
2025-12-29,Isaac Okoro,PTS+REB,8.5,2.04,1.72,-63.5,UNDER,0.578,1.72,2.19,1.84
2025-12-29,Jaden McDaniels,PTS+REB,18.5,1.88,1.88,6.6,UNDER,0.087,1.88,2.0,2.0
2025-12-29,Donte DiVincenzo,PTS+REB,17.5,1.83,1.91,-16.3,UNDER,0.382,1.91,1.96,2.04
2025-12-29,Jalen Smith,PTS+REB,14.5,2.0,1.76,-34.6,UNDER,0.455,1.76,2.14,1.88
2025-12-29,Matas Buzelis,PTS+REB,15.5,1.96,1.78,-14.1,UNDER,0.245,1.78,2.1,1.91
2025-12-29,Naz Reid,PTS+REB,19.5,1.89,1.85,11.6,SKIP,0.0,0.0,2.02,1.98
2025-12-29,Josh Giddey,PTS+REB,26.5,1.89,1.85,76.1,OVER,0.459,1.89,2.02,1.98
2025-12-29,Jaden McDaniels,PTS+AST,16.5,1.89,1.85,8.8,SKIP,0.0,0.0,2.02,1.98
2025-12-29,Donte DiVincenzo,PTS+AST,17.5,1.8,1.94,-3.5,UNDER,0.25,1.94,1.93,2.08
2025-12-29,Anthony Edwards,PTS+AST,34.5,1.88,1.88,112.1,OVER,0.607,1.88,2.0,2.0
2025-12-29,Naz Reid,PTS+AST,15.5,1.85,1.89,-0.7,UNDER,0.157,1.89,1.98,2.02
2025-12-29,Julius Randle,PTS+AST,26.5,1.82,1.93,73.7,OVER,0.384,1.82,1.94,2.06
2025-12-29,Coby White,PTS+AST,22.5,1.83,1.91,48.9,OVER,0.202,1.83,1.96,2.04
2025-12-29,Tre Jones,PTS+AST,13.5,1.88,1.88,-17.2,UNDER,0.338,1.88,2.0,2.0
2025-12-29,Josh Giddey,PTS+AST,26.5,1.85,1.89,90.5,OVER,0.536,1.85,1.98,2.02
2025-12-29,Josh Giddey,REB+AST,16.5,1.85,1.89,80.5,OVER,0.728,1.85,1.98,2.02
2025-12-29,Naz Reid,REB+AST,8.5,1.93,1.82,-2.4,UNDER,0.19,1.82,2.06,1.94
2025-12-29,Jaden McDaniels,REB+AST,6.5,1.91,1.83,-8.4,UNDER,0.311,1.83,2.04,1.96
2025-12-29,Coby White,REB+AST,6.5,1.77,1.98,-3.0,UNDER,0.265,1.98,1.89,2.12
2025-12-29,Donte DiVincenzo,REB+AST,8.5,1.72,2.04,-3.3,UNDER,0.36,2.04,1.84,2.19
2025-12-29,Anthony Edwards,REB+AST,9.5,1.82,1.93,8.0,SKIP,0.0,0.0,1.94,2.06
2025-12-29,Julius Randle,REB+AST,12.5,2.0,1.76,27.1,OVER,0.349,2.0,2.14,1.88
2025-12-29,Donovan Mitchell,PTS,27.5,1.85,1.89,94.1,OVER,0.532,1.85,1.98,2.02
2025-12-29,Jarrett Allen,PTS,11.5,1.96,1.78,29.4,OVER,0.219,1.96,2.1,1.91
2025-12-29,De'Andre Hunter,PTS,11.5,1.98,1.77,-10.9,UNDER,0.169,1.77,2.12,1.89
2025-12-29,Evan Mobley,PTS,13.5,1.82,1.93,33.7,OVER,0.159,1.82,1.94,2.06
2025-12-29,Devin Vassell,PTS,14.5,1.94,1.8,-2.1,UNDER,0.113,1.8,2.08,1.93
2025-12-29,Stephon Castle,PTS,18.5,1.94,1.8,38.0,OVER,0.211,1.94,2.08,1.93
2025-12-29,Harrison Barnes,PTS,11.5,1.98,1.77,-14.8,UNDER,0.213,1.77,2.12,1.89
2025-12-29,Sam Merrill,PTS,11.5,1.98,1.78,-13.9,UNDER,0.208,1.78,2.11,1.9
2025-12-29,Dylan Harper,PTS,11.5,1.98,1.77,-24.1,UNDER,0.341,1.77,2.12,1.89
2025-12-29,Darius Garland,PTS,17.5,1.78,1.96,34.8,OVER,0.087,1.78,1.91,2.1
2025-12-29,Jaylon Tyson,PTS,9.5,1.96,1.78,8.0,SKIP,0.0,0.0,2.1,1.91
2025-12-29,De'Aaron Fox,PTS,19.5,1.91,1.83,50.3,OVER,0.309,1.91,2.04,1.96
2025-12-29,Keldon Johnson,PTS,11.5,1.77,1.98,-6.8,UNDER,0.265,1.98,1.89,2.12
2025-12-29,Victor Wembanyama,PTS,22.5,1.8,1.94,90.0,OVER,0.518,1.8,1.93,2.08
2025-12-29,De'Aaron Fox,AST,5.5,1.98,1.77,17.2,OVER,0.392,1.98,2.12,1.89
2025-12-29,Devin Vassell,AST,2.5,1.88,1.88,-8.0,UNDER,0.423,1.88,2.0,2.0
2025-12-29,Darius Garland,AST,6.5,1.71,2.06,31.5,OVER,0.414,1.71,1.83,2.2
2025-12-29,Dylan Harper,AST,4.5,1.68,2.1,5.5,SKIP,0.0,0.0,1.8,2.25
2025-12-29,Stephon Castle,AST,6.5,1.72,2.04,27.5,OVER,0.376,1.72,1.84,2.19
2025-12-29,Donovan Mitchell,AST,5.5,2.28,1.58,17.4,OVER,0.622,2.28,2.44,1.69
2025-12-29,Sam Merrill,AST,2.5,2.02,1.74,-9.0,UNDER,0.36,1.74,2.16,1.86
2025-12-29,Victor Wembanyama,AST,3.5,2.42,1.52,5.8,OVER,0.333,2.42,2.59,1.63
2025-12-29,Evan Mobley,AST,2.5,1.72,2.04,2.6,SKIP,0.0,0.0,1.84,2.19
2025-12-29,Jarrett Allen,REB,7.5,1.88,1.88,19.7,OVER,0.273,1.88,2.0,2.0
2025-12-29,Evan Mobley,REB,7.5,2.04,1.72,32.4,OVER,0.632,2.04,2.19,1.84
2025-12-29,Harrison Barnes,REB,3.5,2.16,1.65,-16.9,UNDER,0.473,1.65,2.31,1.76
2025-12-29,Victor Wembanyama,REB,10.5,1.82,1.93,39.9,OVER,0.506,1.82,1.94,2.06
2025-12-29,Sam Merrill,REB,2.5,1.68,2.12,-19.7,UNDER,0.966,2.12,1.79,2.26
2025-12-29,Jaylon Tyson,REB,4.5,2.02,1.74,13.2,OVER,0.282,2.02,2.16,1.86
2025-12-29,Devin Vassell,REB,4.5,2.34,1.56,-12.4,UNDER,0.286,1.56,2.5,1.67
2025-12-29,Dylan Harper,REB,3.5,2.0,1.76,-15.7,UNDER,0.527,1.76,2.14,1.88
2025-12-29,De'Aaron Fox,REB,3.5,1.91,1.83,-11.0,UNDER,0.435,1.83,2.04,1.96
2025-12-29,De'Andre Hunter,REB,2.5,1.57,2.3,-12.6,UNDER,0.836,2.3,1.68,2.46
2025-12-29,Donovan Mitchell,REB,4.5,2.08,1.69,-7.0,UNDER,0.216,1.69,2.23,1.81
2025-12-29,Darius Garland,REB,2.5,1.71,2.06,-16.0,UNDER,0.786,2.06,1.83,2.2
2025-12-29,Keldon Johnson,REB,5.5,1.77,1.98,13.9,OVER,0.105,1.77,1.89,2.12
2025-12-29,Stephon Castle,REB,5.5,2.28,1.58,-5.4,UNDER,0.115,1.58,2.44,1.69
2025-12-29,Victor Wembanyama,PTS+REB+AST,36.5,1.83,1.91,135.6,OVER,0.655,1.83,1.96,2.04
2025-12-29,Devin Vassell,PTS+REB+AST,21.5,1.96,1.78,-22.5,UNDER,0.367,1.78,2.1,1.91
2025-12-29,Sam Merrill,PTS+REB+AST,16.5,1.83,1.91,-42.6,UNDER,0.61,1.91,1.96,2.04
2025-12-29,Evan Mobley,PTS+REB+AST,24.5,1.94,1.8,68.7,OVER,0.445,1.94,2.08,1.93
2025-12-29,Darius Garland,PTS+REB+AST,28.5,1.96,1.78,50.3,OVER,0.222,1.96,2.1,1.91
2025-12-29,Stephon Castle,PTS+REB+AST,30.5,1.85,1.88,60.1,OVER,0.231,1.85,1.98,2.02
2025-12-29,Donovan Mitchell,PTS+REB+AST,37.5,1.89,1.85,104.5,OVER,0.532,1.89,2.02,1.98
2025-12-29,Dylan Harper,PTS+REB+AST,19.5,1.8,1.94,-34.3,UNDER,0.603,1.94,1.93,2.08
2025-12-29,De'Aaron Fox,PTS+REB+AST,28.5,1.85,1.89,56.5,OVER,0.212,1.85,1.98,2.02
2025-12-29,De'Aaron Fox,PTS+REB,22.5,1.77,1.98,39.2,OVER,0.061,1.77,1.89,2.12
2025-12-29,Darius Garland,PTS+REB,20.5,1.78,1.96,18.8,SKIP,0.0,0.0,1.91,2.1
2025-12-29,Donovan Mitchell,PTS+REB,32.5,1.94,1.8,87.1,OVER,0.499,1.94,2.08,1.93
2025-12-29,Devin Vassell,PTS+REB,18.5,1.91,1.83,-14.5,UNDER,0.308,1.83,2.04,1.96
2025-12-29,Sam Merrill,PTS+REB,14.5,1.98,1.77,-33.6,UNDER,0.418,1.77,2.12,1.89
2025-12-29,Jarrett Allen,PTS+REB,19.5,1.96,1.78,49.1,OVER,0.332,1.96,2.1,1.91
2025-12-29,Keldon Johnson,PTS+REB,17.5,1.8,1.94,7.1,UNDER,0.109,1.94,1.93,2.08
2025-12-29,Stephon Castle,PTS+REB,23.5,1.89,1.85,32.5,OVER,0.05,1.89,2.02,1.98
2025-12-29,Evan Mobley,PTS+REB,21.5,1.93,1.82,66.0,OVER,0.455,1.93,2.06,1.94
2025-12-29,Harrison Barnes,PTS+REB,14.5,1.85,1.89,-31.7,UNDER,0.496,1.89,1.98,2.02
2025-12-29,Victor Wembanyama,PTS+REB,33.5,1.85,1.89,129.9,OVER,0.673,1.85,1.98,2.02
2025-12-29,Victor Wembanyama,PTS+AST,26.5,1.96,1.78,95.8,OVER,0.649,1.96,2.1,1.91
2025-12-29,Evan Mobley,PTS+AST,16.5,1.82,1.93,36.3,OVER,0.144,1.82,1.94,2.06
2025-12-29,Dylan Harper,PTS+AST,16.5,1.93,1.82,-18.6,UNDER,0.347,1.82,2.06,1.94
2025-12-29,Devin Vassell,PTS+AST,16.5,1.77,1.98,-10.1,UNDER,0.345,1.98,1.89,2.12
2025-12-29,Darius Garland,PTS+AST,25.5,1.94,1.8,66.3,OVER,0.413,1.94,2.08,1.93
2025-12-29,Sam Merrill,PTS+AST,13.5,1.82,1.93,-22.9,UNDER,0.427,1.93,1.94,2.06
2025-12-29,De'Aaron Fox,PTS+AST,24.5,1.8,1.94,67.5,OVER,0.329,1.8,1.93,2.08
2025-12-29,Donovan Mitchell,PTS+AST,32.5,1.82,1.93,111.5,OVER,0.563,1.82,1.94,2.06
2025-12-29,Stephon Castle,PTS+AST,25.5,1.89,1.85,65.5,OVER,0.374,1.89,2.02,1.98
2025-12-29,Donovan Mitchell,REB+AST,9.5,1.89,1.85,10.4,SKIP,0.0,0.0,2.02,1.98
2025-12-29,Darius Garland,REB+AST,9.5,1.78,1.96,15.4,SKIP,0.0,0.0,1.91,2.1
2025-12-29,Sam Merrill,REB+AST,5.5,2.0,1.76,-28.7,UNDER,0.666,1.76,2.14,1.88
2025-12-29,Evan Mobley,REB+AST,10.5,2.04,1.72,35.0,OVER,0.555,2.04,2.19,1.84
2025-12-29,De'Aaron Fox,REB+AST,8.5,1.68,2.1,6.2,UNDER,0.118,2.1,1.8,2.25
2025-12-29,Victor Wembanyama,REB+AST,13.5,1.8,1.94,45.6,OVER,0.467,1.8,1.93,2.08
2025-12-29,Dylan Harper,REB+AST,8.5,1.94,1.8,-10.2,UNDER,0.371,1.8,2.08,1.93
2025-12-29,Stephon Castle,REB+AST,12.5,2.08,1.69,22.1,OVER,0.284,2.08,2.23,1.81
2025-12-29,Devin Vassell,REB+AST,6.5,1.77,1.98,-20.3,UNDER,0.728,1.98,1.89,2.12
2025-12-29,Amen Thompson,PTS,18.5,1.94,1.8,33.8,OVER,0.167,1.94,2.08,1.93
2025-12-29,Jay Huff,PTS,8.5,1.85,1.89,-34.2,UNDER,0.551,1.89,1.98,2.02
2025-12-29,Kevin Durant,PTS,26.5,1.94,1.8,80.6,OVER,0.528,1.94,2.08,1.93
2025-12-29,Aaron Nesmith,PTS,9.5,1.76,2.0,-3.1,UNDER,0.178,2.0,1.88,2.14
2025-12-29,Pascal Siakam,PTS,20.5,1.77,1.98,58.0,OVER,0.279,1.77,1.89,2.12
2025-12-29,Andrew Nembhard,PTS,15.5,1.82,1.93,22.7,SKIP,0.0,0.0,1.94,2.06
2025-12-29,Bennedict Mathurin,PTS,17.5,1.98,1.77,29.3,OVER,0.147,1.98,2.12,1.89
2025-12-29,Alperen Sengun,PTS,21.5,1.88,1.88,84.2,OVER,0.553,1.88,2.0,2.0
2025-12-29,Reed Sheppard,PTS,14.5,2.02,1.74,3.6,SKIP,0.0,0.0,2.16,1.86
2025-12-29,Amen Thompson,AST,5.5,2.02,1.74,14.2,OVER,0.334,2.02,2.16,1.86
2025-12-29,Kevin Durant,AST,5.5,2.28,1.58,12.0,OVER,0.43,2.28,2.44,1.69
2025-12-29,Pascal Siakam,AST,2.5,1.68,2.12,6.7,SKIP,0.0,0.0,1.79,2.26
2025-12-29,Reed Sheppard,AST,3.5,1.74,2.02,0.1,UNDER,0.164,2.02,1.86,2.16
2025-12-29,Alperen Sengun,AST,5.5,1.65,2.16,26.6,OVER,0.34,1.65,1.76,2.31
2025-12-29,Andrew Nembhard,AST,7.5,2.14,1.66,22.9,OVER,0.578,2.14,2.29,1.78
2025-12-29,Amen Thompson,REB,7.5,2.1,1.68,14.2,OVER,0.269,2.1,2.25,1.8
2025-12-29,Aaron Nesmith,REB,3.5,2.04,1.72,-11.9,UNDER,0.374,1.72,2.19,1.84
2025-12-29,Andrew Nembhard,REB,2.5,2.22,1.62,-18.5,UNDER,0.474,1.62,2.37,1.73
2025-12-29,Pascal Siakam,REB,5.5,1.77,1.98,7.1,SKIP,0.0,0.0,1.89,2.12
2025-12-29,Reed Sheppard,REB,2.5,1.57,2.3,-17.6,UNDER,1.056,2.3,1.68,2.46
2025-12-29,Jay Huff,REB,4.5,2.18,1.63,-0.1,SKIP,0.0,0.0,2.34,1.75
2025-12-29,Bennedict Mathurin,REB,5.5,2.28,1.58,-1.7,SKIP,0.0,0.0,2.44,1.69
2025-12-29,Kevin Durant,REB,5.5,2.28,1.58,-3.9,UNDER,0.066,1.58,2.44,1.69
2025-12-29,Alperen Sengun,REB,10.5,1.98,1.77,31.5,OVER,0.514,1.98,2.12,1.89
2025-12-29,Kevin Durant,PTS+REB+AST,36.5,1.85,1.89,88.7,OVER,0.408,1.85,1.98,2.02
2025-12-29,Amen Thompson,PTS+REB+AST,31.5,1.93,1.82,62.1,OVER,0.302,1.93,2.06,1.94
2025-12-29,Pascal Siakam,PTS+REB+AST,30.5,1.94,1.8,71.7,OVER,0.4,1.94,2.08,1.93
2025-12-29,Alperen Sengun,PTS+REB+AST,38.5,1.96,1.78,142.4,OVER,0.788,1.96,2.1,1.91
2025-12-29,Andrew Nembhard,PTS+REB+AST,25.5,1.88,1.88,27.1,SKIP,0.0,0.0,2.0,2.0
2025-12-29,Reed Sheppard,PTS+REB+AST,20.5,1.77,1.98,-13.8,UNDER,0.408,1.98,1.89,2.12
2025-12-29,Amen Thompson,PTS+REB,25.5,1.82,1.93,47.9,OVER,0.158,1.82,1.94,2.06
2025-12-29,Andrew Nembhard,PTS+REB,18.5,1.98,1.77,4.2,SKIP,0.0,0.0,2.12,1.89
2025-12-29,Jay Huff,PTS+REB,13.5,2.0,1.76,-34.2,UNDER,0.445,1.76,2.14,1.88
2025-12-29,Kevin Durant,PTS+REB,31.5,1.89,1.85,76.7,OVER,0.396,1.89,2.02,1.98
2025-12-29,Bennedict Mathurin,PTS+REB,22.5,1.93,1.82,27.6,SKIP,0.0,0.0,2.06,1.94
2025-12-29,Aaron Nesmith,PTS+REB,13.5,1.89,1.85,-15.0,UNDER,0.268,1.85,2.02,1.98
2025-12-29,Pascal Siakam,PTS+REB,26.5,1.77,1.98,65.1,OVER,0.267,1.77,1.89,2.12
2025-12-29,Reed Sheppard,PTS+REB,17.5,1.98,1.77,-13.9,UNDER,0.243,1.77,2.12,1.89
2025-12-29,Alperen Sengun,PTS+REB,31.5,1.8,1.94,115.7,OVER,0.577,1.8,1.93,2.08
2025-12-29,Pascal Siakam,PTS+AST,24.5,1.96,1.8,64.7,OVER,0.427,1.96,2.09,1.92
2025-12-29,Amen Thompson,PTS+AST,23.5,1.82,1.93,47.9,OVER,0.186,1.82,1.94,2.06
2025-12-29,Reed Sheppard,PTS+AST,17.5,1.8,1.94,3.7,UNDER,0.147,1.94,1.93,2.08
2025-12-29,Alperen Sengun,PTS+AST,27.5,1.85,1.89,110.8,OVER,0.628,1.85,1.98,2.02
2025-12-29,Andrew Nembhard,PTS+AST,23.5,1.96,1.78,45.6,OVER,0.241,1.96,2.1,1.91
2025-12-29,Kevin Durant,PTS+AST,31.5,1.89,1.85,92.6,OVER,0.524,1.89,2.02,1.98
2025-12-29,Amen Thompson,REB+AST,12.5,1.82,1.93,28.3,OVER,0.248,1.82,1.94,2.06
2025-12-29,Alperen Sengun,REB+AST,16.5,1.96,1.78,58.2,OVER,0.697,1.96,2.1,1.91
2025-12-29,Pascal Siakam,REB+AST,8.5,1.83,1.91,13.7,SKIP,0.0,0.0,1.96,2.04
2025-12-29,Andrew Nembhard,REB+AST,9.5,1.91,1.82,4.3,SKIP,0.0,0.0,2.05,1.95
2025-12-29,Kevin Durant,REB+AST,10.5,2.04,1.72,8.1,SKIP,0.0,0.0,2.19,1.84
2025-12-29,Reed Sheppard,REB+AST,6.5,1.72,2.04,-17.5,UNDER,0.719,2.04,1.84,2.19
2025-12-29,OG Anunoby,PTS,16.5,1.76,2.0,6.1,UNDER,0.15,2.0,1.88,2.14
2025-12-29,Zion Williamson,PTS,19.5,1.76,2.0,60.9,OVER,0.304,1.76,1.88,2.14
2025-12-29,Jeremiah Fears,PTS,13.5,1.88,1.88,8.0,SKIP,0.0,0.0,2.0,2.0
2025-12-29,Saddiq Bey,PTS,14.5,1.88,1.88,13.0,SKIP,0.0,0.0,2.0,2.0
2025-12-29,Mikal Bridges,PTS,16.5,1.96,1.78,29.8,OVER,0.154,1.96,2.1,1.91
2025-12-29,Derik Queen,PTS,14.5,1.98,1.77,30.6,OVER,0.207,1.98,2.12,1.89
2025-12-29,Trey Murphy III,PTS,19.5,1.8,1.94,33.3,OVER,0.066,1.8,1.93,2.08
2025-12-29,Jordan Clarkson,PTS,10.5,1.93,1.82,-33.6,UNDER,0.465,1.82,2.06,1.94
2025-12-29,Jalen Brunson,PTS,28.5,1.77,1.98,107.0,OVER,0.518,1.77,1.89,2.12
2025-12-29,Karl-Anthony Towns,PTS,23.5,1.85,1.89,85.6,OVER,0.535,1.85,1.98,2.02
2025-12-29,Mikal Bridges,AST,4.5,2.02,1.74,4.2,SKIP,0.0,0.0,2.16,1.86
2025-12-29,Derik Queen,AST,4.5,2.22,1.62,7.1,OVER,0.233,2.22,2.37,1.73
2025-12-29,Karl-Anthony Towns,AST,2.5,2.02,1.74,-0.7,SKIP,0.0,0.0,2.16,1.86
2025-12-29,Zion Williamson,AST,3.5,2.0,1.76,14.3,OVER,0.399,2.0,2.14,1.88
2025-12-29,Jalen Brunson,AST,6.5,1.65,2.16,26.7,OVER,0.322,1.65,1.76,2.31
2025-12-29,Jeremiah Fears,AST,3.5,2.42,1.52,-1.8,SKIP,0.0,0.0,2.59,1.63
2025-12-29,Trey Murphy III,AST,3.5,2.22,1.62,-3.2,UNDER,0.075,1.62,2.37,1.73
2025-12-29,Saddiq Bey,REB,5.5,2.14,1.66,6.0,OVER,0.089,2.14,2.29,1.78
2025-12-29,Trey Murphy III,REB,5.5,2.28,1.58,4.2,OVER,0.087,2.28,2.44,1.69
2025-12-29,OG Anunoby,REB,5.5,1.72,2.04,-0.0,UNDER,0.224,2.04,1.84,2.19
2025-12-29,Derik Queen,REB,7.5,2.16,1.65,22.7,OVER,0.536,2.16,2.31,1.76
2025-12-29,Karl-Anthony Towns,REB,12.5,1.85,1.89,53.6,OVER,0.636,1.85,1.98,2.02
2025-12-29,Jeremiah Fears,REB,3.5,2.04,1.72,-12.5,UNDER,0.397,1.72,2.19,1.84
2025-12-29,Mikal Bridges,REB,4.5,1.83,1.91,-2.7,UNDER,0.212,1.91,1.96,2.04
2025-12-29,Zion Williamson,REB,5.5,1.98,1.77,7.0,SKIP,0.0,0.0,2.12,1.89
2025-12-29,Jalen Brunson,REB,3.5,1.88,1.88,-12.3,UNDER,0.526,1.88,2.0,2.0
2025-12-29,Jalen Brunson,PTS+REB+AST,40.5,1.94,1.8,121.4,OVER,0.642,1.94,2.08,1.93
2025-12-29,Jeremiah Fears,PTS+REB+AST,20.5,1.96,1.78,-6.3,UNDER,0.187,1.78,2.1,1.91
2025-12-29,Trey Murphy III,PTS+REB+AST,28.5,1.91,1.83,34.3,SKIP,0.0,0.0,2.04,1.96
2025-12-29,Mikal Bridges,PTS+REB+AST,25.5,1.88,1.88,31.3,SKIP,0.0,0.0,2.0,2.0
2025-12-29,Zion Williamson,PTS+REB+AST,29.5,1.89,1.85,82.2,OVER,0.455,1.89,2.02,1.98
2025-12-29,Derik Queen,PTS+REB+AST,25.5,1.85,1.89,60.4,OVER,0.294,1.85,1.98,2.02
2025-12-29,Karl-Anthony Towns,PTS+REB+AST,38.5,1.8,1.94,138.6,OVER,0.634,1.8,1.93,2.08
2025-12-29,OG Anunoby,PTS+REB+AST,25.5,1.88,1.88,-2.6,UNDER,0.274,1.88,2.0,2.0
2025-12-29,Mikal Bridges,PTS+REB,20.5,1.78,1.96,27.1,SKIP,0.0,0.0,1.91,2.1
2025-12-29,OG Anunoby,PTS+REB,23.5,1.96,1.78,6.1,UNDER,0.096,1.78,2.1,1.91
2025-12-29,Jeremiah Fears,PTS+REB,17.5,2.0,1.76,-4.5,UNDER,0.133,1.76,2.14,1.88
2025-12-29,Jalen Brunson,PTS+REB,32.5,1.82,1.93,94.7,OVER,0.447,1.82,1.94,2.06
2025-12-29,Trey Murphy III,PTS+REB,24.5,1.78,1.96,37.5,SKIP,0.0,0.0,1.91,2.1
2025-12-29,Zion Williamson,PTS+REB,25.5,1.85,1.89,67.9,OVER,0.355,1.85,1.98,2.02
2025-12-29,Derik Queen,PTS+REB,21.5,1.93,1.82,53.3,OVER,0.332,1.93,2.06,1.94
2025-12-29,Karl-Anthony Towns,PTS+REB,36.5,1.89,1.85,139.3,OVER,0.736,1.89,2.02,1.98
2025-12-29,Saddiq Bey,PTS+REB,19.5,1.8,1.94,19.0,SKIP,0.0,0.0,1.93,2.08
2025-12-29,Trey Murphy III,PTS+AST,23.5,1.94,1.8,30.1,OVER,0.053,1.94,2.08,1.93
2025-12-29,Karl-Anthony Towns,PTS+AST,26.5,1.94,1.8,84.9,OVER,0.568,1.94,2.08,1.93
2025-12-29,Derik Queen,PTS+AST,18.5,1.91,1.83,37.8,OVER,0.192,1.91,2.04,1.96
2025-12-29,Mikal Bridges,PTS+AST,20.5,1.82,1.93,34.1,OVER,0.067,1.82,1.94,2.06
2025-12-29,Zion Williamson,PTS+AST,23.5,1.83,1.91,75.2,OVER,0.425,1.83,1.96,2.04
2025-12-29,Jeremiah Fears,PTS+AST,16.5,1.82,1.93,6.2,UNDER,0.098,1.93,1.94,2.06
2025-12-29,Jalen Brunson,PTS+AST,36.5,1.88,1.88,133.7,OVER,0.685,1.88,2.0,2.0
2025-12-29,OG Anunoby,PTS+AST,19.5,1.85,1.88,-2.6,UNDER,0.224,1.88,1.98,2.02
2025-12-29,Karl-Anthony Towns,REB+AST,15.5,2.02,1.74,52.9,OVER,0.694,2.02,2.16,1.86
2025-12-29,Zion Williamson,REB+AST,8.5,1.72,2.04,21.3,OVER,0.133,1.72,1.84,2.19
2025-12-29,OG Anunoby,REB+AST,8.5,2.02,1.74,-8.8,UNDER,0.296,1.74,2.16,1.86
2025-12-29,Trey Murphy III,REB+AST,8.5,1.98,1.77,0.9,UNDER,0.075,1.77,2.12,1.89
2025-12-29,Mikal Bridges,REB+AST,9.5,2.12,1.68,1.5,SKIP,0.0,0.0,2.26,1.79
2025-12-29,Derik Queen,REB+AST,11.5,1.94,1.8,29.8,OVER,0.377,1.94,2.08,1.93
2025-12-29,Jalen Brunson,REB+AST,10.5,1.83,1.91,14.4,SKIP,0.0,0.0,1.96,2.04
2025-12-29,Donovan Clingan,PTS,11.5,1.93,1.82,-10.2,UNDER,0.234,1.82,2.06,1.94
2025-12-29,Kris Murray,PTS,6.5,1.93,1.82,-39.8,UNDER,0.537,1.82,2.06,1.94
2025-12-29,Deni Avdija,PTS,25.5,1.82,1.93,88.4,OVER,0.493,1.82,1.94,2.06
2025-12-29,Shaedon Sharpe,PTS,23.5,1.88,1.88,49.8,OVER,0.243,1.88,2.0,2.0
2025-12-29,P.J. Washington,PTS,16.5,1.88,1.88,26.8,OVER,0.076,1.88,2.0,2.0
2025-12-29,Max Christie,PTS,11.5,1.96,1.78,-22.6,UNDER,0.337,1.78,2.1,1.91
2025-12-29,Toumani Camara,PTS,13.5,1.78,1.96,-7.1,UNDER,0.276,1.96,1.91,2.1
2025-12-29,Cooper Flagg,PTS,23.5,1.82,1.93,57.6,OVER,0.282,1.82,1.94,2.06
2025-12-29,Toumani Camara,AST,2.5,1.88,1.88,-2.8,UNDER,0.174,1.88,2.0,2.0
2025-12-29,Cooper Flagg,AST,4.5,2.16,1.65,10.9,OVER,0.354,2.16,2.31,1.76
2025-12-29,Shaedon Sharpe,AST,2.5,1.77,1.98,-3.1,UNDER,0.262,1.98,1.89,2.12
2025-12-29,Deni Avdija,AST,7.5,1.71,2.06,31.2,OVER,0.415,1.71,1.83,2.2
2025-12-29,Cooper Flagg,REB,6.5,1.88,1.88,8.6,SKIP,0.0,0.0,2.0,2.0
2025-12-29,Max Christie,REB,3.5,1.88,1.88,-7.9,UNDER,0.344,1.88,2.0,2.0
2025-12-29,Kris Murray,REB,4.5,1.74,2.02,-1.8,UNDER,0.227,2.02,1.86,2.16
2025-12-29,Donovan Clingan,REB,11.5,1.93,1.82,47.8,OVER,0.645,1.93,2.06,1.94
2025-12-29,Deni Avdija,REB,7.5,1.78,1.96,12.3,SKIP,0.0,0.0,1.91,2.1
2025-12-29,Toumani Camara,REB,5.5,2.18,1.63,-3.4,UNDER,0.082,1.63,2.34,1.75
2025-12-29,P.J. Washington,REB,7.5,1.77,1.98,23.7,OVER,0.275,1.77,1.89,2.12
2025-12-29,Shaedon Sharpe,REB,4.5,1.88,1.88,-9.4,UNDER,0.444,1.88,2.0,2.0
2025-12-29,Donovan Clingan,PTS+REB+AST,24.5,1.77,1.98,25.1,SKIP,0.0,0.0,1.89,2.12
2025-12-29,P.J. Washington,PTS+REB+AST,26.5,1.88,1.88,40.0,OVER,0.096,1.88,2.0,2.0
2025-12-29,Kris Murray,PTS+REB+AST,13.5,2.02,1.74,-58.6,UNDER,0.594,1.74,2.16,1.86
2025-12-29,Shaedon Sharpe,PTS+REB+AST,31.5,1.94,1.8,37.3,SKIP,0.0,0.0,2.08,1.93
2025-12-29,Toumani Camara,PTS+REB+AST,21.5,1.8,1.94,-13.3,UNDER,0.397,1.94,1.93,2.08
2025-12-29,Max Christie,PTS+REB+AST,16.5,1.77,1.98,-38.8,UNDER,0.658,1.98,1.89,2.12
2025-12-29,Deni Avdija,PTS+REB+AST,42.5,1.94,1.8,131.9,OVER,0.701,1.94,2.08,1.93
2025-12-29,Cooper Flagg,PTS+REB+AST,35.5,1.94,1.8,77.0,OVER,0.401,1.94,2.08,1.93
2025-12-29,Kris Murray,PTS+REB,11.5,1.94,1.8,-41.6,UNDER,0.53,1.8,2.08,1.93
2025-12-29,Shaedon Sharpe,PTS+REB,28.5,1.91,1.83,40.4,OVER,0.092,1.91,2.04,1.96
2025-12-29,Donovan Clingan,PTS+REB,22.5,1.78,1.96,37.6,OVER,0.072,1.78,1.91,2.1
2025-12-29,Deni Avdija,PTS+REB,33.5,1.82,1.93,100.7,OVER,0.495,1.82,1.94,2.06
2025-12-29,P.J. Washington,PTS+REB,24.5,1.88,1.88,50.5,OVER,0.241,1.88,2.0,2.0
2025-12-29,Toumani Camara,PTS+REB,19.5,1.94,1.8,-10.5,UNDER,0.26,1.8,2.08,1.93
2025-12-29,Max Christie,PTS+REB,14.5,1.76,2.0,-30.5,UNDER,0.594,2.0,1.88,2.14
2025-12-29,Cooper Flagg,PTS+REB,30.5,1.85,1.89,66.1,OVER,0.296,1.85,1.98,2.02
2025-12-29,Kris Murray,PTS+AST,8.5,2.04,1.72,-56.8,UNDER,0.58,1.72,2.19,1.84
2025-12-29,Max Christie,PTS+AST,13.5,1.93,1.82,-30.9,UNDER,0.458,1.82,2.06,1.94
2025-12-29,Donovan Clingan,PTS+AST,13.5,1.89,1.85,-22.7,UNDER,0.429,1.85,2.02,1.98
2025-12-29,Shaedon Sharpe,PTS+AST,26.5,1.89,1.85,46.7,OVER,0.175,1.89,2.02,1.98
2025-12-29,Toumani Camara,PTS+AST,16.5,1.85,1.89,-9.9,UNDER,0.289,1.89,1.98,2.02
2025-12-29,P.J. Washington,PTS+AST,18.5,1.88,1.88,16.3,SKIP,0.0,0.0,2.0,2.0
2025-12-29,Deni Avdija,PTS+AST,34.5,1.96,1.78,119.6,OVER,0.72,1.96,2.1,1.91
2025-12-29,Cooper Flagg,PTS+AST,28.5,1.91,1.83,68.4,OVER,0.387,1.91,2.04,1.96
2025-12-29,Deni Avdija,REB+AST,15.5,1.76,2.0,43.4,OVER,0.385,1.76,1.88,2.14
2025-12-29,Donovan Clingan,REB+AST,13.5,1.93,1.82,35.2,OVER,0.395,1.93,2.06,1.94
2025-12-29,Kris Murray,REB+AST,6.5,1.94,1.8,-18.7,UNDER,0.516,1.8,2.08,1.93
2025-12-29,Cooper Flagg,REB+AST,10.5,1.72,2.04,19.4,OVER,0.056,1.72,1.84,2.19
2025-12-29,Toumani Camara,REB+AST,7.5,1.74,2.02,-6.1,UNDER,0.403,2.02,1.86,2.16
2025-12-29,P.J. Washington,REB+AST,9.5,1.8,1.94,13.2,SKIP,0.0,0.0,1.93,2.08
2025-12-29,Max Christie,REB+AST,5.5,1.85,1.89,-16.2,UNDER,0.524,1.89,1.98,2.02
2025-12-29,Shaedon Sharpe,REB+AST,7.5,2.0,1.76,-12.5,UNDER,0.391,1.76,2.14,1.88
